,np.tanh(std_delta_len),instruction_difficulty,not_gamed_baseline.astype(float)
iter2_DSlabel_randomly,-1.0863592239917743,-0.0779270021522813,-0.0332276945676751
iter2_DSlabel_blending_5_1,-1.1254341317779133,-0.0610666708069789,-0.0791026833931266
deepseek,-1.0195343985576810,-0.0436033393554340,-0.0635052326169105
