,np.tanh(std_delta_len),instruction_difficulty,not_gamed_baseline.astype(float)
iter1,-1.4501775287669634,0.5818918850968789,0.0000000000000000
iter2_DSlabel_blending_5_1,-1.1676933116238035,-0.0144143469308223,-0.0095133694647639
iter2_DSlabel_blending_1_1,-1.0458433495499084,-0.0339306362660356,0.0680491711301284
deepseek,-0.9333593964851701,0.0250057868006259,-0.0651892774445142
